{"name":"5e1be259-a591-44f8-8fd5-90c5f6118156","id":"/providers/Microsoft.Flow/flows/5e1be259-a591-44f8-8fd5-90c5f6118156","type":"Microsoft.Flow/flows","properties":{"apiId":"/providers/Microsoft.PowerApps/apis/shared_logicflows","displayName":"Copy of - Finance Department","definition":{"metadata":{"workflowEntityId":null,"processAdvisorMetadata":null,"flowChargedByPaygo":null,"flowclientsuspensionreason":"None","flowclientsuspensiontime":null,"flowclientsuspensionreasondetails":null,"creator":{"id":"1942d505-0a99-4dc5-813e-e483070231b2","type":"User","tenantId":"5bfdde84-8d23-47bd-a6ef-68c9b70b445c"},"provisioningMethod":"FromDefinition","failureAlertSubscription":true,"clientLastModifiedTime":"2025-07-27T09:14:59.9448513Z","connectionKeySavedTimeKey":"2025-07-27T09:14:59.9448513Z","creationSource":null,"modifiedSources":"Portal"},"$schema":"https://schema.management.azure.com/providers/Microsoft.Logic/schemas/2016-06-01/workflowdefinition.json#","contentVersion":"1.0.0.0","parameters":{"$authentication":{"defaultValue":{},"type":"SecureObject"},"$connections":{"defaultValue":{},"type":"Object"}},"triggers":{"When_a_new_response_is_submitted":{"splitOn":"@triggerOutputs()?['body/value']","type":"OpenApiConnectionWebhook","inputs":{"parameters":{"form_id":"hN79WyONvUem72jJtwtEXAXVQhmZCsVNgT7kgwcCMbJUMkhDSFYwQ09KN1FVSUtJSEJDOENVNEREQy4u"},"host":{"apiId":"/providers/Microsoft.PowerApps/apis/shared_microsoftforms","connectionName":"shared_microsoftforms","operationId":"CreateFormWebhook"},"authentication":"@parameters('$authentication')"}}},"actions":{"Get_response_details":{"runAfter":{},"type":"OpenApiConnection","inputs":{"parameters":{"form_id":"hN79WyONvUem72jJtwtEXAXVQhmZCsVNgT7kgwcCMbJUMkhDSFYwQ09KN1FVSUtJSEJDOENVNEREQy4u","response_id":"@triggerOutputs()?['body/resourceData/responseId']"},"host":{"apiId":"/providers/Microsoft.PowerApps/apis/shared_microsoftforms","connectionName":"shared_microsoftforms","operationId":"GetFormResponseById"},"authentication":"@parameters('$authentication')"}},"Initialize_variable":{"runAfter":{"Get_response_details":["Succeeded"]},"type":"InitializeVariable","inputs":{"variables":[{"name":"AssignedTo","type":"string"}]}},"Initialize_variable_1":{"runAfter":{"Initialize_variable":["Succeeded"]},"type":"InitializeVariable","inputs":{"variables":[{"name":"Name Approvals","type":"string"}]}},"Initialize_variable_2":{"runAfter":{"Initialize_variable_1":["Succeeded"]},"type":"InitializeVariable","inputs":{"variables":[{"name":"Email Approvals","type":"string"}]}},"Parse_JSON":{"runAfter":{"Initialize_variable_(Approver_position)":["Succeeded"]},"type":"ParseJson","inputs":{"content":"@body('Get_response_details')?['re980115bf0024d92be0d0ed678313974']","schema":{"type":"array","items":{"type":"object","properties":{"name":{"type":"string"},"link":{"type":"string"},"id":{"type":"string"},"type":{},"size":{"type":"integer"},"referenceId":{"type":"string"},"driveId":{"type":"string"},"status":{"type":"integer"},"uploadSessionUrl":{}},"required":["name","link","id","type","size","referenceId","driveId","status","uploadSessionUrl"]}}}},"Apply_to_each":{"foreach":"@body('Parse_JSON')","actions":{"Switch":{"runAfter":{"Get_file_content":["Succeeded"]},"cases":{"Case 2":{"case":"ชื่อที่เลือกในฟอร์ม","actions":{"Append_to_string_variable_(Email)":{"type":"AppendToStringVariable","inputs":{"name":"Email Approvals","value":"สำหรับใส่เมลของการอนุมัติ"}},"Append_to_string_variable_(Name)":{"runAfter":{"Append_to_string_variable_(Email)":["Succeeded"]},"type":"AppendToStringVariable","inputs":{"name":"Name Approvals","value":"สำหรับชื่อ"}},"Append_to_string_variable_4":{"runAfter":{"Append_to_string_variable_(Name)":["Succeeded"]},"type":"AppendToStringVariable","inputs":{"name":"Approver position","value":"สำหรับตำแหน่ง"}}}}},"default":{"actions":{}},"expression":"@body('Get_response_details')?['r56f3519288784290a420aa4021c7281e']","type":"Switch"},"Get_file_content":{"type":"OpenApiConnection","inputs":{"parameters":{"id":"@items('Apply_to_each')['id']","inferContentType":true},"host":{"apiId":"/providers/Microsoft.PowerApps/apis/shared_onedriveforbusiness","connectionName":"shared_onedriveforbusiness","operationId":"GetFileContent"},"authentication":"@parameters('$authentication')"}},"Compose":{"runAfter":{"Start_and_wait_for_an_approval_3":["Succeeded"]},"type":"Compose","inputs":"43idkV1jjCWHR6lhXJfCN1QFb4dPlvoRWV5UwGTSoZv"},"Start_and_wait_for_an_approval_3":{"runAfter":{"Switch":["Succeeded"]},"type":"OpenApiConnectionWebhook","inputs":{"parameters":{"approvalType":"Basic","WebhookApprovalCreationInput/title":"@{body('Get_response_details')?['re4def8f4866040d2835bfdae90c2881b']}\nชื่อ : @{body('Get_response_details')?['rde870e72fd6946f8b27c503356936289']}","WebhookApprovalCreationInput/assignedTo":"@variables('Email Approvals')","WebhookApprovalCreationInput/details":"ชื่อผู้สั่งงาน @{outputs('Get_response_details')?['body/rde870e72fd6946f8b27c503356936289']}\nตำแหน่ง@{outputs('Get_response_details')?['body/re904438c609e486782495ddf0fa9d6fa']}\nบริษัท @{outputs('Get_response_details')?['body/re4def8f4866040d2835bfdae90c2881b']}\nรายละเอียดงาน\n@{body('Get_response_details')?['r5ab4b996219c47bc86b5d8284ad5b96c']}\nLink ใบสั่งงาน\n@{item()['link']}","WebhookApprovalCreationInput/enableNotifications":true,"WebhookApprovalCreationInput/enableReassignment":true,"WebhookApprovalCreationInput/attachments":[{"name":"@items('Apply_to_each')['name']","content":"@body('Get_file_content')"}]},"host":{"apiId":"/providers/Microsoft.PowerApps/apis/shared_approvals","connectionName":"shared_approvals","operationId":"StartAndWaitForAnApproval"},"authentication":"@parameters('$authentication')"}},"Condition":{"actions":{"Send_an_email_(V2)_1":{"type":"OpenApiConnection","inputs":{"parameters":{"emailMessage/To":"@body('Get_response_details')?['responder']","emailMessage/Subject":"ใบสั่งงานแผนก IT ผ่านการอนุมัติ","emailMessage/Body":"<p class=\"editor-paragraph\">ชื่อผู้สั่งงาน @{outputs('Get_response_details')?['body/rde870e72fd6946f8b27c503356936289']}<br>ตำแหน่ง@{outputs('Get_response_details')?['body/re904438c609e486782495ddf0fa9d6fa']}<br>บริษัท @{outputs('Get_response_details')?['body/re4def8f4866040d2835bfdae90c2881b']}<br>รายละเอียด<br>@{outputs('Get_response_details')?['body/r5ab4b996219c47bc86b5d8284ad5b96c']}</p><br><p class=\"editor-paragraph\">ใบสั่งงานแผนก IT ผ่านการอนุมัติแล้ว กรุณารอสักครู่กำลังส่งข้อมูลไปให้แผนก IT Support ดำเนินการต่อ</p>","emailMessage/Importance":"High"},"host":{"apiId":"/providers/Microsoft.PowerApps/apis/shared_office365","connectionName":"shared_office365","operationId":"SendEmailV2"},"authentication":"@parameters('$authentication')"}},"Switch_1":{"runAfter":{"Send_an_email_(V2)_1":["Succeeded"]},"cases":{"Case 4":{"case":"WellD Products Public Co.,Ltd.","actions":{"Create_a_task":{"type":"OpenApiConnection","inputs":{"parameters":{"body/groupId":"b3c7701d-1649-4320-b2dd-02b3f5372882","body/planId":"Rj9qMcwRTkWQL3utlqhoH8kAB9xr","body/title":"@substring(outputs('Get_response_details')?['body/r5ab4b996219c47bc86b5d8284ad5b96c'], 0, min(100, length(outputs('Get_response_details')?['body/r5ab4b996219c47bc86b5d8284ad5b96c'])))","body/bucketId":"uvFUM-Vnc0apEAiAHntUA8kAD9gr","body/startDateTime":"@outputs('Start_and_wait_for_an_approval_3')?['body/completionDate']","body/appliedCategories/category6":true},"host":{"apiId":"/providers/Microsoft.PowerApps/apis/shared_planner","connectionName":"shared_planner","operationId":"CreateTask_V4"},"authentication":"@parameters('$authentication')"}},"Append_to_string_variable":{"runAfter":{"Create_a_task":["Succeeded"]},"type":"AppendToStringVariable","inputs":{"name":"ID Planner","value":"@outputs('Create_a_task')?['body/id']"}}}},"Case 5":{"case":"Green Shop Development Co.,Ltd.","actions":{"Create_a_task_1":{"type":"OpenApiConnection","inputs":{"parameters":{"body/groupId":"b3c7701d-1649-4320-b2dd-02b3f5372882","body/planId":"Rj9qMcwRTkWQL3utlqhoH8kAB9xr","body/title":"@substring(outputs('Get_response_details')?['body/r5ab4b996219c47bc86b5d8284ad5b96c'], 0, min(100, length(outputs('Get_response_details')?['body/r5ab4b996219c47bc86b5d8284ad5b96c'])))","body/bucketId":"faF4d6zJAkaWHg0wLsimI8kAAa3s","body/startDateTime":"@outputs('Start_and_wait_for_an_approval_3')?['body/completionDate']","body/appliedCategories/category4":true},"host":{"apiId":"/providers/Microsoft.PowerApps/apis/shared_planner","connectionName":"shared_planner","operationId":"CreateTask_V4"},"authentication":"@parameters('$authentication')"}},"Append_to_string_variable_1":{"runAfter":{"Create_a_task_1":["Succeeded"]},"type":"AppendToStringVariable","inputs":{"name":"ID Planner","value":"@outputs('Create_a_task_1')?['body/id']"}}}},"Case 6":{"case":"Wellness At Home Co.,Ltd.","actions":{"Create_a_task_2":{"type":"OpenApiConnection","inputs":{"parameters":{"body/groupId":"b3c7701d-1649-4320-b2dd-02b3f5372882","body/planId":"Rj9qMcwRTkWQL3utlqhoH8kAB9xr","body/title":"@substring(outputs('Get_response_details')?['body/r5ab4b996219c47bc86b5d8284ad5b96c'], 0, min(100, length(outputs('Get_response_details')?['body/r5ab4b996219c47bc86b5d8284ad5b96c'])))","body/bucketId":"dJ03Zu0vIkGyxtIkhv-DSMkAF8Se","body/startDateTime":"@outputs('Start_and_wait_for_an_approval_3')?['body/completionDate']","body/appliedCategories/category1":true},"host":{"apiId":"/providers/Microsoft.PowerApps/apis/shared_planner","connectionName":"shared_planner","operationId":"CreateTask_V4"},"authentication":"@parameters('$authentication')"}},"Append_to_string_variable_2":{"runAfter":{"Create_a_task_2":["Succeeded"]},"type":"AppendToStringVariable","inputs":{"name":"ID Planner","value":"@outputs('Create_a_task_2')?['body/id']"}}}}},"default":{"actions":{}},"expression":"@body('Get_response_details')?['re4def8f4866040d2835bfdae90c2881b']","type":"Switch"},"Create_item":{"runAfter":{"Convert_time_zone":["Succeeded"]},"type":"OpenApiConnection","inputs":{"parameters":{"dataset":"https://wellnessworldgroups.sharepoint.com/sites/ITDocument","table":"9861d852-fd82-4d0b-afb2-e207ab371def","item/Title":"@variables('ID Planner')","item/OData__x0e1a__x0e23__x0e34__x0e29__x0e":"@body('Get_response_details')?['re4def8f4866040d2835bfdae90c2881b']","item/OData__x0e2a__x0e32__x0e02__x0e32_":"สำนักงานใหญ่","item/OData__x0e2b__x0e19__x0e48__x0e27__x0e":"การเงิน","item/OData__x0e15__x0e33__x0e41__x0e2b__x0e":"@body('Get_response_details')?['re904438c609e486782495ddf0fa9d6fa']","item/OData__x0e0a__x0e37__x0e48__x0e2d__x0e":"@body('Get_response_details')?['rde870e72fd6946f8b27c503356936289']","item/OData__x0e2d__x0e35__x0e40__x0e21__x0e":"@outputs('Get_response_details')?['body/responder']","item/OData__x0e40__x0e1a__x0e2d__x0e23__x0e":"@body('Get_response_details')?['r645c8d50d82445a680877437578d76eb']","item/IDLine":"@body('Get_response_details')?['r0e4e92d21f744ab99f88e33ebd777cb5']","item/OData__x0e1b__x0e23__x0e30__x0e40__x0e":"@outputs('Get_response_details')?['body/rfcc9985cc31649648f9caed7da8bf558']","item/OData__x0e27__x0e31__x0e19__x0e17__x0e":"@body('Start_and_wait_for_an_approval_3')?['completionDate']","item/OData__x0e40__x0e27__x0e25__x0e32__x0e":"@body('Convert_time_zone')","item/OData__x0e23__x0e32__x0e22__x0e25__x0e":"@body('Get_response_details')?['r5ab4b996219c47bc86b5d8284ad5b96c']","item/OData__x0e25__x0e07__x0e0a__x0e37__x0e0":"@variables('Name Approvals')","item/OData__x0e15__x0e33__x0e41__x0e2b__x0e0":"@variables('Approver position')","item/E_x002d_Mail":"@variables('Email Approvals')"},"host":{"apiId":"/providers/Microsoft.PowerApps/apis/shared_sharepointonline","connectionName":"shared_sharepointonline","operationId":"PostItem"},"authentication":"@parameters('$authentication')"}},"Add_attachment":{"runAfter":{"Create_item":["Succeeded"]},"type":"OpenApiConnection","inputs":{"parameters":{"dataset":"https://wellnessworldgroups.sharepoint.com/sites/ITDocument","table":"9861d852-fd82-4d0b-afb2-e207ab371def","itemId":"@body('Create_item')?['ID']","displayName":"@items('Apply_to_each')['name']","body":"@body('Get_file_content')"},"host":{"apiId":"/providers/Microsoft.PowerApps/apis/shared_sharepointonline","connectionName":"shared_sharepointonline","operationId":"CreateAttachment"},"authentication":"@parameters('$authentication')"}},"Update_task_details":{"runAfter":{"Add_attachment":["Succeeded"]},"type":"OpenApiConnection","inputs":{"parameters":{"id":"@variables('ID Planner')","body/description":"สาขา @{outputs('Create_item')?['body/OData__x0e2a__x0e32__x0e02__x0e32_']}\n\nชื่อผู้สั่งงาน :  @{body('Get_response_details')?['rde870e72fd6946f8b27c503356936289']}\nแผนก @{body('Create_item')?['OData__x0e2b__x0e19__x0e48__x0e27__x0e']}\nตำแหน่ง @{body('Get_response_details')?['re904438c609e486782495ddf0fa9d6fa']}\nเบอร์โทรศัพท์ : @{body('Get_response_details')?['r645c8d50d82445a680877437578d76eb']} \nID Line : @{body('Get_response_details')?['r0e4e92d21f744ab99f88e33ebd777cb5']}\nประเภทงาน : @{outputs('Get_response_details')?['body/rfcc9985cc31649648f9caed7da8bf558']}\nรายละเอียดงาน : @{body('Get_response_details')?['r5ab4b996219c47bc86b5d8284ad5b96c']}\nชื่อผู้อนุมัติ : @{variables('Name Approvals')}\nตำแหน่งของผู้อนุมัติ @{variables('Approver position')}\nE-Mail : @{variables('Email Approvals')}\n\nเอกสารแนบ :\n@{outputs('Add_attachment')?['body/AbsoluteUri']}\n"},"host":{"apiId":"/providers/Microsoft.PowerApps/apis/shared_planner","connectionName":"shared_planner","operationId":"UpdateTaskDetails_V2"},"authentication":"@parameters('$authentication')"}},"Send_an_email_(V2)_2":{"runAfter":{"Update_task_details":["Succeeded"]},"type":"OpenApiConnection","inputs":{"parameters":{"emailMessage/To":"Nuttakit.kr@wellnessworldgroups.com;Titipong.Si@wellnessworldgroups.com","emailMessage/Subject":"ใบสั่งงาน Finance Department","emailMessage/Body":"<p class=\"editor-paragraph\">@{outputs('Get_response_details')?['body/rde870e72fd6946f8b27c503356936289']} ได้ส่งรายละเอียดการสั่งงานมายังแผนก IT Support<br><br><a href=\"https://planner.cloud.microsoft/wellnessworldgroups.com/Home/PlanViews/Rj9qMcwRTkWQL3utlqhoH8kAB9xr?Type=PlanLink&amp;Channel=Link&amp;CreatedTime=638656810227070000\" class=\"editor-link\">กดเพื่อเข้าดูรายละเอียดงานเพิ่มเติม</a><br><br>ชื่อผู้สั่งงาน : @{outputs('Get_response_details')?['body/rde870e72fd6946f8b27c503356936289']}<br>แผนก : @{outputs('Create_item')?['body/OData__x0e2b__x0e19__x0e48__x0e27__x0e']}<br>ตำแหน่ง : @{outputs('Get_response_details')?['body/re904438c609e486782495ddf0fa9d6fa']}<br>เบอร์โทรศัพท์ : @{outputs('Get_response_details')?['body/r645c8d50d82445a680877437578d76eb']}<br>ID Line : @{outputs('Get_response_details')?['body/r0e4e92d21f744ab99f88e33ebd777cb5']}<br>ประเภทงาน : @{outputs('Get_response_details')?['body/rfcc9985cc31649648f9caed7da8bf558']}<br>รายละเอียดงาน : @{outputs('Get_response_details')?['body/r5ab4b996219c47bc86b5d8284ad5b96c']}<br>ชื่อผู้อนุมัติ : @{variables('Name Approvals')}<br>ตำแหน่งของผู้อนุมัติ @{variables('Approver position')}<br>E-Mail : @{variables('Email Approvals')}</p>","emailMessage/Importance":"Normal"},"host":{"apiId":"/providers/Microsoft.PowerApps/apis/shared_office365","connectionName":"shared_office365","operationId":"SendEmailV2"},"authentication":"@parameters('$authentication')"}},"Convert_time_zone":{"runAfter":{"Switch_1":["Succeeded"]},"type":"Expression","kind":"ConvertTimeZone","inputs":{"baseTime":"@formatDateTime(utcNow(), 'HH:mm:ss tt')","sourceTimeZone":"UTC","destinationTimeZone":"SE Asia Standard Time","formatString":"t"}}},"runAfter":{"Compose":["Succeeded"]},"else":{"actions":{"For_each":{"foreach":"@outputs('Start_and_wait_for_an_approval_3')?['body']?['responses']","actions":{"Send_an_email_(V2)":{"type":"OpenApiConnection","inputs":{"parameters":{"emailMessage/To":"@body('Get_response_details')?['responder']","emailMessage/Subject":"ใบสั่งงานแผนก IT ไม่ผ่านการอนุมัติ","emailMessage/Body":"<p class=\"editor-paragraph\">ชื่อผู้สั่งงาน @{outputs('Get_response_details')?['body/rde870e72fd6946f8b27c503356936289']}<br>ตำแหน่ง@{outputs('Get_response_details')?['body/re904438c609e486782495ddf0fa9d6fa']}<br>บริษัท @{outputs('Get_response_details')?['body/re4def8f4866040d2835bfdae90c2881b']}<br>รายละเอียด<br>@{outputs('Get_response_details')?['body/r5ab4b996219c47bc86b5d8284ad5b96c']}</p><br><p class=\"editor-paragraph\">@{variables('Name Approvals')} ไม่อนุมัติใบสั่งงานแผนก IT</p><br><p class=\"editor-paragraph\">เนื่องจาก @{items('For_each')?['comments']}</p>","emailMessage/Importance":"High"},"host":{"apiId":"/providers/Microsoft.PowerApps/apis/shared_office365","connectionName":"shared_office365","operationId":"SendEmailV2"},"authentication":"@parameters('$authentication')"}}},"type":"Foreach"}}},"expression":{"and":[{"equals":["@body('Start_and_wait_for_an_approval_3')?['outcome']","Approve"]}]},"type":"If"}},"runAfter":{"Parse_JSON":["Succeeded"]},"type":"Foreach"},"Initialize_variable_(ID_Planner)":{"runAfter":{"Initialize_variable_2":["Succeeded"]},"type":"InitializeVariable","inputs":{"variables":[{"name":"ID Planner","type":"string"}]}},"Initialize_variable_(Approver_position)":{"runAfter":{"Initialize_variable_(ID_Planner)":["Succeeded"]},"type":"InitializeVariable","inputs":{"variables":[{"name":"Approver position","type":"string"}]}}},"outputs":{}},"connectionReferences":{"shared_microsoftforms":{"connectionName":"shared-microsoftform-91cb3ceb-3664-437e-a51f-fe6d70e8a24e","source":"Embedded","id":"/providers/Microsoft.PowerApps/apis/shared_microsoftforms","tier":"NotSpecified","apiName":"microsoftforms","isProcessSimpleApiReferenceConversionAlreadyDone":false},"shared_onedriveforbusiness":{"connectionName":"shared-onedriveforbu-50c0ba26-6e2e-45dc-9a5b-06e1d5ad34cd","source":"Embedded","id":"/providers/Microsoft.PowerApps/apis/shared_onedriveforbusiness","tier":"NotSpecified","apiName":"onedriveforbusiness","isProcessSimpleApiReferenceConversionAlreadyDone":false},"shared_approvals":{"connectionName":"shared-approvals-938b94ba-2345-41fe-9f2d-e5299530c9b6","source":"Embedded","id":"/providers/Microsoft.PowerApps/apis/shared_approvals","tier":"NotSpecified","apiName":"approvals","isProcessSimpleApiReferenceConversionAlreadyDone":false},"shared_office365":{"connectionName":"shared-office365-45b4e904-595f-425a-a467-6f888b9ea9ea","source":"Embedded","id":"/providers/Microsoft.PowerApps/apis/shared_office365","tier":"NotSpecified","apiName":"office365","isProcessSimpleApiReferenceConversionAlreadyDone":false},"shared_planner":{"connectionName":"shared-planner-1ec8a146-b959-418c-8d3c-182ee0ed27d2","source":"Embedded","id":"/providers/Microsoft.PowerApps/apis/shared_planner","tier":"NotSpecified","apiName":"planner","isProcessSimpleApiReferenceConversionAlreadyDone":false},"shared_sharepointonline":{"connectionName":"shared-sharepointonl-ca1e0bcf-431e-45f8-bfa4-44f40e654a56","source":"Embedded","id":"/providers/Microsoft.PowerApps/apis/shared_sharepointonline","tier":"NotSpecified","apiName":"sharepointonline","isProcessSimpleApiReferenceConversionAlreadyDone":false}},"flowFailureAlertSubscribed":false,"isManaged":false}}